Star,Wesenheit Magnitude,Uncertainty in Wesenheit Magnitude,Log Period,Star Code
V4,22.937359999999995,0.0825343564826188,-0.20971483596675833,0
V5,22.914039999999996,0.0825343564826188,-0.19517932127883766,1
V8,22.994200000000003,0.0825343564826188,-0.1864190114318081,2
