Star,Wesenheit Magnitude,Uncertainty in Wesenheit Magnitude,Log Period,Star Code
CarII-V1,16.9696775999803,0.0825343564826188,-0.19219446772937548,0
CarII-V3,16.837801199980294,0.0825343564826188,-0.15174928532295756,1
