Star,Wesenheit Magnitude,Uncertainty in Wesenheit Magnitude,Log Period,Star Code
1,25.260968,0.0825343564826188,-0.21467016498923297,0
2,25.598247999999998,0.0825343564826188,-0.28399665636520083,1
3,25.370287999999995,0.0825343564826188,-0.16115090926274472,2
4,25.451743999999998,0.0825343564826188,-0.1938200260161128,3
5,25.61252,0.0825343564826188,-0.24412514432750865,4
6,25.477472,0.0825343564826188,-0.22914798835785583,5
7,25.620383999999994,0.0825343564826188,-0.21467016498923297,6
8,25.354559999999996,0.0825343564826188,-0.24412514432750865,7
9,25.695431999999997,0.0825343564826188,-0.27572413039921095,8
