Star,Wesenheit Magnitude,Uncertainty in Wesenheit Magnitude,Log Period,Star Code
1,17.717240000000004,0.15243639722848346,-0.18091692425629732,0
