Star,Wesenheit Magnitude,Uncertainty in Wesenheit Magnitude,Log Period,Star Code
CarII-V1,16.904894614385533,0.08610667918344082,-0.19219446772937548,0
CarII-V3,16.77477735438553,0.08610667918344082,-0.15174928532295756,1
